<?xml version="1.0" encoding="UTF-8"?>
<project-private xmlns="http://www.netbeans.org/ns/project-private/1">
    <editor-bookmarks xmlns="http://www.netbeans.org/ns/editor-bookmarks/2" lastBookmarkId="0"/>
    <open-files xmlns="http://www.netbeans.org/ns/projectui-open-files/2">
        <group>
            <file>file:/C:/Users/Aluno/Desktop/ProjetoDistro/web/listardistro.jsp</file>
            <file>file:/C:/Users/Aluno/Desktop/ProjetoDistro/src/java/br/com/projetodistro/util/bddistro.sql</file>
            <file>file:/C:/Users/Aluno/Desktop/ProjetoDistro/src/java/br/com/projetodistro/util/ConnectionFactory.java</file>
            <file>file:/C:/Users/Aluno/Desktop/ProjetoDistro/web/cadastrardistro.jsp</file>
            <file>file:/C:/Users/Aluno/Desktop/ProjetoDistro/src/java/br/com/projetodistro/controller/ListarDistro.java</file>
            <file>file:/C:/Users/Aluno/Desktop/ProjetoDistro/src/java/br/com/projetodistro/dao/DistroDAOImpl.java</file>
            <file>file:/C:/Users/Aluno/Desktop/ProjetoDistro/web/index.jsp</file>
            <file>file:/C:/Users/Aluno/Desktop/ProjetoDistro/web/login-register/register.html</file>
            <file>file:/C:/Users/Aluno/Desktop/ProjetoDistro/src/java/br/com/projetodistro/dao/GenericDAO.java</file>
            <file>file:/C:/Users/Aluno/Desktop/ProjetoDistro/src/java/br/com/projetodistro/controller/CadastrarDistro.java</file>
        </group>
    </open-files>
</project-private>
