<?xml version="1.0" encoding="UTF-8"?>
<project-private xmlns="http://www.netbeans.org/ns/project-private/1">
    <editor-bookmarks xmlns="http://www.netbeans.org/ns/editor-bookmarks/2" lastBookmarkId="0"/>
    <open-files xmlns="http://www.netbeans.org/ns/projectui-open-files/2">
        <group>
            <file>file:/C:/Users/Aluno/Documents/carlos/java/ProjetoCarlos2%20(1)/ProjetoCarlos2/src/java/br/com/projetoproduto/dao/PessoaDAOImpl.java</file>
            <file>file:/C:/Users/Aluno/Documents/carlos/java/ProjetoCarlos2%20(1)/ProjetoCarlos2/src/java/br/com/projetoproduto/controller/CarregarPessoa.java</file>
            <file>file:/C:/Users/Aluno/Documents/carlos/java/ProjetoCarlos2%20(1)/ProjetoCarlos2/src/java/br/com/projetoproduto/dao/UsuarioDAOImpl.java</file>
            <file>file:/C:/Users/Aluno/Documents/carlos/java/ProjetoCarlos2%20(1)/ProjetoCarlos2/src/java/br/com/projetoproduto/dao/PacienteDAOImpl.java</file>
        </group>
    </open-files>
</project-private>
